"sku","barcode","name","description","client_owner_id","product_family","velocity_class","unit_cost","minimum_stock_level","maximum_stock_level","pick_down_to_level","supplier_lead_time_days","temperature_requirement","lot_tracked","batch_tracked","expiry_tracked","rotation_method","active"
"GJMASK01BK","MASK01BK","Wellday 10-Pk Surgical Mask - Black 400Pks/Cs","","","Institutional Supplies : Personal Protection","","0.3","","","","","ambient","true","true","true","fefo","true"
"GJMASK01BL","MASK01BL","Wellday 10Pk Surgical Mask - Blue  400Pks/Cs","","","Institutional Supplies : Personal Protection","","0.27","","","","","ambient","true","true","true","fefo","true"
"GJMASK01WH","MASK01WH","Wellday 10Pk Surgical Mask - White  400Pks/Cs","","","Institutional Supplies : Personal Protection","","0.38","","","","","ambient","true","true","true","fefo","true"
"HDVAP-4025","VAP-4025","Clear Vinyl Reusuable Heavy Gauge Apron (38 X 25)  72/Cs","","","Institutional Supplies : Personal Protection","","6.75","","","","","ambient","true","true","true","fefo","true"
"NP414","414","Norpro Silicone/Fabric Oven Glove - Black","","","Institutional Supplies : Foodservice","","8.34","","","","","ambient","true","true","true","fefo","true"
"NP414C","414C","Norpro Silicone/Fabric Oven Glove - Blue","","","Institutional Supplies : Foodservice","","8.34","","","","","ambient","true","true","true","fefo","true"
"NP414R","414R","Norpro Silicone/Fabric Oven Glove - Red","","","Institutional Supplies : Foodservice","","8.34","","","","","ambient","true","true","true","fefo","true"
"SZGVP9-LG-1B","GVP9-LG-1-BL","Vinyl Blue Powder-Free Gloves - Large   10/100","","","Institutional Supplies : Personal Protection","","20.85","","","","","ambient","true","true","true","fefo","true"
"SZGVP9-LG-2-","GVP9-LG-2-BL","Vinyl Blue Powder-Free Gloves - Large   10/200","","","Institutional Supplies : Personal Protection","","39.8","","","","","ambient","true","true","true","fefo","true"
"SZGVP9-LRG","GVP9-LG-1","Vinyl Powder-Free Gloves - Large   10/100","","","Institutional Supplies : Personal Protection","","19","","","","","ambient","true","true","true","fefo","true"
"SZGVP9-MD-1B","GVP9-MD-1-BL","Vinyl Blue Powder-Free Gloves - Medium   10/100","","","Institutional Supplies : Personal Protection","","20.85","","","","","ambient","true","true","true","fefo","true"
"SZGVP9-MD-2-","GVP9-MD-2-BL","Vinyl Blue Powder-Free Gloves - Medium   10/200","","","Institutional Supplies : Personal Protection","","39.8","","","","","ambient","true","true","true","fefo","true"
"SZGVP9-MED","GVP9-MD-1","Vinyl Powder-Free Gloves - Medium   10/100","","","Institutional Supplies : Personal Protection","","19","","","","","ambient","true","true","true","fefo","true"
"SZGVP9-SML","GVP9-SM-1","Vinyl Powder-Free Gloves - Small   10/100","","","Institutional Supplies : Personal Protection","","18.14","","","","","ambient","true","true","true","fefo","true"
"SZGVP9-XL-1B","GVP9-XL-1-BL","Vinyl Blue Powder-Free Gloves - X-Large   10/100","","","Institutional Supplies : Personal Protection","","20.85","","","","","ambient","true","true","true","fefo","true"
"SZGVP9-XL-2-","GVP9-XL-2-BL","Vinyl Blue Powder-Free Gloves - X-Large   10/200","","","Institutional Supplies : Personal Protection","","39.8","","","","","ambient","true","true","true","fefo","true"
"SZGVP9-XLRG","GVP9-XL-1","Vinyl Powder-Free Gloves - X-Lrg   10/100","","","Institutional Supplies : Personal Protection","","19","","","","","ambient","true","true","true","fefo","true"
"SZZ-8608L","Z-8608L","Proguard Vinyl Powder-Free Gloves - Large   10/100","","","Institutional Supplies : Personal Protection","","22.5","","","","","ambient","true","true","true","fefo","true"
"UGGA0014","GA0014","Protect Hd Latex Extended Cuff Blue Latex Gloves - Lrg 10/50","","","Institutional Supplies : Personal Protection","","75","","","","","ambient","true","true","true","fefo","true"
"UGGA0015","GA0015","Protect Hd Latex Extended Cuff Blue Latex Gloves - Xlrg 10/50","","","Institutional Supplies : Personal Protection","","75","","","","","ambient","true","true","true","fefo","true"
"UGGA0043","GA0043","Protect Black Nitrile Powder Free Gloves - Medium  10/100","","","Institutional Supplies : Personal Protection","","42.35","","","","","ambient","true","true","true","fefo","true"
"UGGA0044","GA0044","Protect Black Nitrile Powder Free Gloves - Large  10/100","","","Institutional Supplies : Personal Protection","","37","","","","","ambient","true","true","true","fefo","true"
"UGGA0045","GA0045","Protect Black Nitrile Powder Free Gloves - X Large  10/100","","","Institutional Supplies : Personal Protection","","42.35","","","","","ambient","true","true","true","fefo","true"
"UGGA0054","GA0054","Protect Orange Nitrile Powder Free Gloves - Large  10/100","","","Institutional Supplies : Personal Protection","","50.81","","","","","ambient","true","true","true","fefo","true"
"UGGA0055","GA0055","Protect Orange Nitrile Powder Free Gloves - X-Large  10/100","","","Institutional Supplies : Personal Protection","","50.81","","","","","ambient","true","true","true","fefo","true"
"UGGA0065","GA0065","Protect Black Nitrile Powder Free Hd Gloves - Xlarge 10/100","","","Institutional Supplies : Personal Protection","","69","","","","","ambient","true","true","true","fefo","true"
"UGGA0084","GA0084","Protect Green Nitrile Powder Free Gloves - Large  10/100","","","Institutional Supplies : Personal Protection","","69","","","","","ambient","true","true","true","fefo","true"
"UGGF0012","GF0012","Unicare Nitrile Powder Free Exam Gloves - Small  10/100","","","Institutional Supplies : Personal Protection","","18","","","","","ambient","true","true","true","fefo","true"
"UGGF0015","GF0015","Unicare Nitrile Powder Free Exam Gloves - X Large  10/100","","","Institutional Supplies : Personal Protection","","18","","","","","ambient","true","true","true","fefo","true"
"UGGM0025","GM0025","Supergrip Latex Powder Free Gloves - X-Large  10/100","","","Institutional Supplies : Personal Protection","","22.08","","","","","ambient","true","true","true","fefo","true"
"UGGM0052","GM0052","Zero Nitrile Powder Free Glove Accelerator Free - Sml 10/100","","","Institutional Supplies : Personal Protection","","41.86","","","","","ambient","true","true","true","fefo","true"
"UGGM0053","GM0053","Zero Nitrile Powder Free Glove Accelerator Free - Med 10/100","","","Institutional Supplies : Personal Protection","","38","","","","","ambient","true","true","true","fefo","true"
"UGGM0054","GM0054","Zero Nitrile Powder Free Glove Accelerator Free - Lrg 10/100","","","Institutional Supplies : Personal Protection","","38","","","","","ambient","true","true","true","fefo","true"
"UGGS0012","GS0012","Unicare Latex Powder Free Exam Gloves - Small  10/100","","","Institutional Supplies : Personal Protection","","25","","","","","ambient","true","true","true","fefo","true"
"UGGS0013","NRL50N-08","Unicare Latex Powder Free Exam Gloves - Medium  10/100","","","Institutional Supplies : Personal Protection","","26.73","","","","","ambient","true","true","true","fefo","true"
"UGGS0014","GS0014","Unicare Latex Powder Free Exam Gloves - Large  10/100","","","Institutional Supplies : Personal Protection","","22.08","","","","","ambient","true","true","true","fefo","true"
"UGGS0015","GS0015","Unicare Latex Powder Free Exam Gloves - X-Large  10/100","","","Institutional Supplies : Personal Protection","","25","","","","","ambient","true","true","true","fefo","true"
"UGGS0032","GS0032","Unicare Nitrile Powder Free Exam Gloves - Small  10/100","","","Institutional Supplies : Personal Protection","","14.56","","","","","ambient","true","true","true","fefo","true"
"UGGS0033","GS0033","Unicare Nitrile Powder Free Exam Gloves - Medium  10/100","","","Institutional Supplies : Personal Protection","","14.56","","","","","ambient","true","true","true","fefo","true"
"UGGS0034","GS0034","Unicare Nitrile Powder Free Exam Gloves - Large  10/100","","","Institutional Supplies : Personal Protection","","14.56","","","","","ambient","true","true","true","fefo","true"
"UGGS0035","GS0035","Unicare Nitrile Powder Free Exam Gloves - X Large  10/100","","","Institutional Supplies : Personal Protection","","14.56","","","","","ambient","true","true","true","fefo","true"
"UGGS0042","GS0042","Unicare Nitrile Powder Free Exam Gloves - Small  10/200","","","Institutional Supplies : Personal Protection","","26.63","","","","","ambient","true","true","true","fefo","true"
"UGGS0045","GS0045","Unicare Nitrile Powder Free Exam Gloves - Xlarge  10/200","","","Institutional Supplies : Personal Protection","","26.63","","","","","ambient","true","true","true","fefo","true"
"UGGS0062","GS0062","Unicare Vinyl Powder-Free Gloves - Small   10/100","","","Institutional Supplies : Personal Protection","","9.8","","","","","ambient","true","true","true","fefo","true"
"UGGS0063","GS0063","Unicare Vinyl Powder-Free Gloves - Medium   10/100","","","Institutional Supplies : Personal Protection","","10.1","","","","","ambient","true","true","true","fefo","true"
"UGGS0064","GS0064","Unicare Vinyl Powder-Free Gloves - Large   10/100","","","Institutional Supplies : Personal Protection","","9.8","","","","","ambient","true","true","true","fefo","true"
"UGGS0065","GS0065","Unicare Vinyl Powder-Free Gloves - X-Large   10/100","","","Institutional Supplies : Personal Protection","","9.8","","","","","ambient","true","true","true","fefo","true"
"UGGS0083","GS0083","Unicare Vinyl Blue Powder-Free Gloves - Medium   10/200","","","Institutional Supplies : Personal Protection","","10.1","","","","","ambient","true","true","true","fefo","true"
"UGGS0085","GS0085","Unicare Vinyl Blue Powder-Free Gloves - X-Large   10/100","","","Institutional Supplies : Personal Protection","","10.1","","","","","ambient","true","true","true","fefo","true"
"UGNRL50N-07","NRL50N-07","Unicare Latex Powder Free Gloves - Small  10/100","","","Institutional Supplies : Personal Protection","","25.5","","","","","ambient","true","true","true","fefo","true"
"UGNRL50N-08","NRL50N-08","Unicare Latex Powder Free Gloves - Medium  10/100","","","Institutional Supplies : Personal Protection","","27","","","","","ambient","true","true","true","fefo","true"
"UGNRL50N-09","NRL50N-09","Unicare Latex Powder Free Gloves - Large  10/100","","","Institutional Supplies : Personal Protection","","25.5","","","","","ambient","true","true","true","fefo","true"
"UGNRL50N-10","NRL50N-10","Unicare Latex Powder Free Gloves - X-Large  10/100","","","Institutional Supplies : Personal Protection","","25.5","","","","","ambient","true","true","true","fefo","true"
"WNBA-HN","BA-HN","Heavy Naugahyde Vinyl Apron With 1 Pocket - Black  12/Cs","","","Institutional Supplies : Personal Protection","","9.28","","","","","ambient","true","true","true","fefo","true"
"WNBAW-2540BK","BAW-2540BK","Dishwashing Lightweight Vinyl Apron - Black (25.5X40) 12/Cs","","","Institutional Supplies : Personal Protection","","8.69","","","","","ambient","true","true","true","fefo","true"
"WNBAW-2740BN","BAW-2740N","Dishwashing Heavyweight Vinyl Apron - Brown (27.5X40) 12/Cs","","","Institutional Supplies : Personal Protection","","7.45","","","","","ambient","true","true","true","fefo","true"
"WNCB-6K","CB-6K","6-Slot Vinyl Coated Cutting Board Rack      10/Cs","","","Institutional Supplies : Foodservice","","10.9","","","","","ambient","true","true","true","fefo","true"
"WNNLG-1018","NLG-1018","Black Latex Dishwashing Gloves - Large 12-Pairs/Cs","","","Institutional Supplies : Personal Protection","","7.79","","","","","ambient","true","true","true","fefo","true"
"WNNLG-816","NLG-816","Yellow Latex Dishwashing Gloves - Small 12-Pairs/Cs","","","Institutional Supplies : Personal Protection","","6.4","","","","","ambient","true","true","true","fefo","true"
"WNNLG-916","NLG-916","Yellow Latex Dishwashing Gloves - Medium 12-Pairs/Cs","","","Institutional Supplies : Personal Protection","","6.84","","","","","ambient","true","true","true","fefo","true"
"CBYKN95-V","CBKN95","Cove Bay White KN95 Face Mask With Valve ( Dust )","","","Institutional Supplies : Personal Protection","","0.1","","","","","ambient","true","true","true","fefo","true"
"GJMASK01BL-5","MASK-02BL-50","Wellday 50Pk Surgical Mask - Blue 40-Bxs/Cs","","","Institutional Supplies : Personal Protection","","1.55","","","","","ambient","true","true","true","fefo","true"
"SZGRPR-XS","GRPR-XS-1-T","Latex Powder-Free Gloves X-Small 10/100","","","Institutional Supplies : Personal Protection","","34.06","","","","","ambient","true","true","true","fefo","true"
"SZM844","M844","Clear Vinyl Reusable 8 Mil Apron ( 36 X 44 ) 72/Cs","","","Institutional Supplies : Personal Protection","","174.6","","","","","ambient","true","true","true","fefo","true"
"UGGS0031","GS0031","Unicare Nitrile Powder Free Exam Gloves - X-Small 10/100","","","Institutional Supplies : Personal Protection","","19.35","","","","","ambient","true","true","true","fefo","true"
"UGNBR30B-08","NBR30B-08","Unicare Nitrile Powder Free Exam Gloves - Med 10/100","","","Institutional Supplies : Personal Protection","","23.26","","","","","ambient","true","true","true","fefo","true"
"UGNBR30B-09","NBR30B-09","Unicare Nitrile Powder Free Exam Gloves - Large 10/100","","","Institutional Supplies : Personal Protection","","23.26","","","","","ambient","true","true","true","fefo","true"
"UGNBR30B-10","NBR30B-10","Unicare Nitrile Powder Free Exam Gloves -X-Large 10/100","","","Institutional Supplies : Personal Protection","","23.26","","","","","ambient","true","true","true","fefo","true"
